animal_name,image_url,file_name
Aardvark,https://a-z-animals.com/media/animals/images/470x370/aardvark_1.jpg,aardvark_1.jpg
Abyssinian,https://a-z-animals.com/media/animals/images/470x370/abyssinian2.jpg,abyssinian2.jpg
Adelie Penguin,https://a-z-animals.com/media/animals/images/470x370/adelie_penguin2.jpg,adelie_penguin2.jpg
Affenpinscher,https://a-z-animals.com/media/animals/images/470x370/affenpinscher_dog.jpeg,affenpinscher_dog.jpeg
Afghan Hound,https://a-z-animals.com/media/animals/images/470x370/afghan_hound1.jpg,afghan_hound1.jpg
African Bush Elephant,https://a-z-animals.com/media/animals/images/470x370/african_bush_elephant1.jpg,african_bush_elephant1.jpg
African Civet,https://a-z-animals.com/media/animals/images/470x370/african_civet4.jpg,african_civet4.jpg
African Clawed Frog,https://a-z-animals.com/media/animals/images/470x370/african_clawed_frog7.jpg,african_clawed_frog7.jpg
African Forest Elephant,https://a-z-animals.com/media/animals/images/470x370/african_elephant.jpg,african_elephant.jpg
African Palm Civet,https://a-z-animals.com/media/animals/images/470x370/african_palm_civet.jpg,african_palm_civet.jpg
African Penguin,https://a-z-animals.com/media/animals/images/470x370/african_penguin3.jpg,african_penguin3.jpg
African Tree Toad,https://a-z-animals.com/media/animals/images/470x370/african_tree_toad.jpg,african_tree_toad.jpg
African Wild Dog,https://a-z-animals.com/media/animals/images/470x370/african_wild_dog4.jpg,african_wild_dog4.jpg
Ainu Dog,https://a-z-animals.com/media/animals/images/470x370/ainu_dog.jpg,ainu_dog.jpg
Airedale Terrier ,https://a-z-animals.com/media/animals/images/470x370/airedale_terrier.jpg,airedale_terrier.jpg
Akbash,https://a-z-animals.com/media/animals/images/470x370/akbash_dog1.jpg,akbash_dog1.jpg
Akita,https://a-z-animals.com/media/animals/images/470x370/akita_dog.jpg,akita_dog.jpg
Alaskan Malamute,https://a-z-animals.com/media/animals/images/470x370/alaskan_malamute6.jpg,alaskan_malamute6.jpg
Albatross,https://a-z-animals.com/media/animals/images/470x370/albatross3.jpg,albatross3.jpg
Aldabra Giant Tortoise,https://a-z-animals.com/media/animals/images/470x370/aldabra_giant_tortoise5.jpg,aldabra_giant_tortoise5.jpg
Alligator,https://a-z-animals.com/media/animals/images/470x370/alligator6.jpg,alligator6.jpg
Alpine Dachsbracke,https://a-z-animals.com/media/animals/images/470x370/alpine_dachsbracke1.jpg,alpine_dachsbracke1.jpg
American Bulldog,https://a-z-animals.com/media/animals/images/470x370/american_bulldog.jpg,american_bulldog.jpg
American Cocker Spaniel,https://a-z-animals.com/media/animals/images/470x370/american_cocker_spaniel1.jpg,american_cocker_spaniel1.jpg
American Coonhound,https://a-z-animals.com/media/animals/images/470x370/american_coonhound2.jpg,american_coonhound2.jpg
American Eskimo Dog,https://a-z-animals.com/media/animals/images/470x370/american_eskimo_dog3.jpg,american_eskimo_dog3.jpg
American Foxhound,https://a-z-animals.com/media/animals/images/470x370/american_foxhound2.jpg,american_foxhound2.jpg
American Pit Bull Terrier,https://a-z-animals.com/media/animals/images/470x370/american_pit_bull_terrier.jpg,american_pit_bull_terrier.jpg
American Staffordshire Terrier,https://a-z-animals.com/media/animals/images/470x370/american_staffordshire_terrier2.jpg,american_staffordshire_terrier2.jpg
American Water Spaniel,https://a-z-animals.com/media/animals/images/470x370/american_water_spaniel1.jpg,american_water_spaniel1.jpg
Anatolian Shepherd Dog,https://a-z-animals.com/media/animals/images/470x370/anatolian_shepherd_dog.jpg,anatolian_shepherd_dog.jpg
Angelfish,https://a-z-animals.com/media/animals/images/470x370/angelfish11.jpg,angelfish11.jpg
Ant,https://a-z-animals.com/media/animals/images/470x370/ant.jpg,ant.jpg
Anteater,https://a-z-animals.com/media/animals/images/470x370/anteater3.jpg,anteater3.jpg
Antelope,https://a-z-animals.com/media/animals/images/470x370/antelope3.jpg,antelope3.jpg
Appenzeller Dog,https://a-z-animals.com/media/animals/images/470x370/appenzeller_dog1.jpg,appenzeller_dog1.jpg
Arctic Fox,https://a-z-animals.com/media/animals/images/470x370/arctic_fox10.jpg,arctic_fox10.jpg
Arctic Hare,https://a-z-animals.com/media/animals/images/470x370/arctic_hare1.jpg,arctic_hare1.jpg
Arctic Wolf,https://a-z-animals.com/media/animals/images/470x370/arctic_wolf2.jpg,arctic_wolf2.jpg
Armadillo,https://a-z-animals.com/media/animals/images/470x370/armadillo.jpg,armadillo.jpg
Asian Elephant,https://a-z-animals.com/media/animals/images/470x370/asian_elephant3.jpg,asian_elephant3.jpg
Asian Giant Hornet,https://a-z-animals.com/media/animals/images/470x370/asian_giant_hornet4.jpg,asian_giant_hornet4.jpg
Asian Palm Civet,https://a-z-animals.com/media/animals/images/470x370/asian_palm_civet2.jpg,asian_palm_civet2.jpg
Asiatic Black Bear,https://a-z-animals.com/media/animals/images/470x370/asian_black_bear5.jpg,asian_black_bear5.jpg
Australian Cattle Dog,https://a-z-animals.com/media/animals/images/470x370/australian_cattle_dog1.jpg,australian_cattle_dog1.jpg
Australian Kelpie Dog,https://a-z-animals.com/media/animals/images/470x370/australian_kelpie_dog.jpg,australian_kelpie_dog.jpg
Australian Mist,https://a-z-animals.com/media/animals/images/470x370/australian_mist1.jpg,australian_mist1.jpg
Australian Shepherd,https://a-z-animals.com/media/animals/images/470x370/australian_shepherd1.jpg,australian_shepherd1.jpg
Australian Terrier,https://a-z-animals.com/media/animals/images/470x370/australian_terrier1.jpg,australian_terrier1.jpg
Avocet,https://a-z-animals.com/media/animals/images/470x370/avocet.jpg,avocet.jpg
Axolotl,https://a-z-animals.com/media/animals/images/470x370/axolotl6.jpg,axolotl6.jpg
Aye Aye ,https://a-z-animals.com/media/animals/images/470x370/aye_aye_.jpg,aye_aye_.jpg
Baboon,https://a-z-animals.com/media/animals/images/470x370/baboon3.jpg,baboon3.jpg
Bactrian Camel,https://a-z-animals.com/media/animals/images/470x370/bactrian_camel2.jpg,bactrian_camel2.jpg
Badger,https://a-z-animals.com/media/animals/images/470x370/badger2.jpg,badger2.jpg
Balinese,https://a-z-animals.com/media/animals/images/470x370/balinese4.jpg,balinese4.jpg
Banded Palm Civet,https://a-z-animals.com/media/animals/images/470x370/banded_palm_civet.jpg,banded_palm_civet.jpg
Bandicoot,https://a-z-animals.com/media/animals/images/470x370/bandicoot.jpg,bandicoot.jpg
Barb,https://a-z-animals.com/media/animals/images/470x370/barb3.jpg,barb3.jpg
Barn Owl,https://a-z-animals.com/media/animals/images/470x370/barn_owl1.jpg,barn_owl1.jpg
Barnacle,https://a-z-animals.com/media/animals/images/470x370/barnacle2.jpg,barnacle2.jpg
Barracuda,https://a-z-animals.com/media/animals/images/470x370/barracuda4.jpg,barracuda4.jpg
Basenji Dog,https://a-z-animals.com/media/animals/images/470x370/basenji_dog.jpg,basenji_dog.jpg
Basking Shark,https://a-z-animals.com/media/animals/images/470x370/basking_shark.jpg,basking_shark.jpg
Basset Hound,https://a-z-animals.com/media/animals/images/470x370/basset_hound1.jpg,basset_hound1.jpg
Bat,https://a-z-animals.com/media/animals/images/470x370/bat4.jpg,bat4.jpg
Bavarian Mountain Hound,https://a-z-animals.com/media/animals/images/470x370/bavarian_mountain_hound3.jpg,bavarian_mountain_hound3.jpg
Beagle,https://a-z-animals.com/media/animals/images/470x370/beagle1.jpg,beagle1.jpg
Bear,https://a-z-animals.com/media/animals/images/470x370/bear2.jpg,bear2.jpg
Bearded Collie,https://a-z-animals.com/media/animals/images/470x370/bearded_collie4.jpg,bearded_collie4.jpg
Bearded Dragon,https://a-z-animals.com/media/animals/images/470x370/dragon3.jpg,dragon3.jpg
Beaver,https://a-z-animals.com/media/animals/images/470x370/beaver3.jpg,beaver3.jpg
Bedlington Terrier,https://a-z-animals.com/media/animals/images/470x370/bedlington_terrier.jpeg,bedlington_terrier.jpeg
Beetle,https://a-z-animals.com/media/animals/images/470x370/beetle.jpg,beetle.jpg
Bengal Tiger,https://a-z-animals.com/media/animals/images/470x370/bengal_tiger4.jpg,bengal_tiger4.jpg
Bernese Mountain Dog,https://a-z-animals.com/media/animals/images/470x370/bernese_mountain_dog.jpg,bernese_mountain_dog.jpg
Bichon Frise,https://a-z-animals.com/media/animals/images/470x370/bichon_frise2.jpg,bichon_frise2.jpg
Binturong,https://a-z-animals.com/media/animals/images/470x370/binturong.jpg,binturong.jpg
Bird,https://a-z-animals.com/media/animals/images/470x370/bird17.jpg,bird17.jpg
Birds Of Paradise,https://a-z-animals.com/media/animals/images/470x370/birds_of_paradise3.jpg,birds_of_paradise3.jpg
Birman,https://a-z-animals.com/media/animals/images/470x370/birman2.jpg,birman2.jpg
Bison,https://a-z-animals.com/media/animals/images/470x370/bison3.jpg,bison3.jpg
Black Bear,https://a-z-animals.com/media/animals/images/470x370/black_bear.jpg,black_bear.jpg
Black Rhinoceros,https://a-z-animals.com/media/animals/images/470x370/black_rhinoceros1.jpg,black_rhinoceros1.jpg
Black Russian Terrier,https://a-z-animals.com/media/animals/images/470x370/black_russian_terrier1.jpg,black_russian_terrier1.jpg
Black Widow Spider,https://a-z-animals.com/media/animals/images/470x370/black_widow_spider5.jpg,black_widow_spider5.jpg
Bloodhound,https://a-z-animals.com/media/animals/images/470x370/bloodhound2.jpg,bloodhound2.jpg
Blue Lacy Dog,https://a-z-animals.com/media/animals/images/470x370/blue_lacy_dog1.jpg,blue_lacy_dog1.jpg
Blue Whale,https://a-z-animals.com/media/animals/images/470x370/blue_whale6.jpg,blue_whale6.jpg
Bluetick Coonhound,https://a-z-animals.com/media/animals/images/470x370/bluetick_coonhound.jpg,bluetick_coonhound.jpg
Bobcat,https://a-z-animals.com/media/animals/images/470x370/bobcat_10.jpg,bobcat_10.jpg
Bolognese Dog,https://a-z-animals.com/media/animals/images/470x370/bolognese_dog.jpg,bolognese_dog.jpg
Bombay,https://a-z-animals.com/media/animals/images/470x370/bombay2.jpg,bombay2.jpg
Bongo,https://a-z-animals.com/media/animals/images/470x370/bongo2.jpg,bongo2.jpg
Bonobo,https://a-z-animals.com/media/animals/images/470x370/bonobo7.jpg,bonobo7.jpg
Booby,https://a-z-animals.com/media/animals/images/470x370/booby3.jpg,booby3.jpg
Border Collie,https://a-z-animals.com/media/animals/images/470x370/border_collie2.jpg,border_collie2.jpg
Border Terrier,https://a-z-animals.com/media/animals/images/470x370/border_terrier.jpg,border_terrier.jpg
Bornean Orang-utan,https://a-z-animals.com/media/animals/images/470x370/bornean_orang-utan1.jpg,bornean_orang-utan1.jpg
Borneo Elephant,https://a-z-animals.com/media/animals/images/470x370/borneo_elephant.jpg,borneo_elephant.jpg
Boston Terrier,https://a-z-animals.com/media/animals/images/470x370/boston_terrier4.jpg,boston_terrier4.jpg
Bottle Nosed Dolphin,https://a-z-animals.com/media/animals/images/470x370/bottle_nosed_dolphin3.jpg,bottle_nosed_dolphin3.jpg
Boxer Dog,https://a-z-animals.com/media/animals/images/470x370/boxer_dog1.jpg,boxer_dog1.jpg
Boykin Spaniel,https://a-z-animals.com/media/animals/images/470x370/boykin_spaniel.jpg,boykin_spaniel.jpg
Brazilian Terrier,https://a-z-animals.com/media/animals/images/470x370/brazilian_terrier.jpg,brazilian_terrier.jpg
Brown Bear,https://a-z-animals.com/media/animals/images/470x370/brown_bear2.jpg,brown_bear2.jpg
Budgerigar,https://a-z-animals.com/media/animals/images/470x370/budgerigar9.jpg,budgerigar9.jpg
Buffalo,https://a-z-animals.com/media/animals/images/470x370/buffalo2.jpg,buffalo2.jpg
Bull Mastiff,https://a-z-animals.com/media/animals/images/470x370/bull_mastiff.jpg,bull_mastiff.jpg
Bull Shark,https://a-z-animals.com/media/animals/images/470x370/bull_shark1.jpg,bull_shark1.jpg
Bull Terrier,https://a-z-animals.com/media/animals/images/470x370/bull_terrier3.jpg,bull_terrier3.jpg
Bulldog,https://a-z-animals.com/media/animals/images/470x370/bulldog3.jpg,bulldog3.jpg
Bullfrog,https://a-z-animals.com/media/animals/images/470x370/bullfrog4.jpg,bullfrog4.jpg
Bumble Bee,https://a-z-animals.com/media/animals/images/470x370/bumble_bee4.jpg,bumble_bee4.jpg
Burmese,https://a-z-animals.com/media/animals/images/470x370/burmese2.jpg,burmese2.jpg
Burrowing Frog,https://a-z-animals.com/media/animals/images/470x370/burrowing_frog2.jpg,burrowing_frog2.jpg
Butterfly,https://a-z-animals.com/media/animals/images/470x370/butterfly12.jpg,butterfly12.jpg
Butterfly Fish,https://a-z-animals.com/media/animals/images/470x370/butterfly_fish5.jpg,butterfly_fish5.jpg
Caiman,https://a-z-animals.com/media/animals/images/470x370/caiman5.jpg,caiman5.jpg
Caiman Lizard,https://a-z-animals.com/media/animals/images/470x370/caiman_lizard3.jpg,caiman_lizard3.jpg
Cairn Terrier,https://a-z-animals.com/media/animals/images/470x370/cairn_terrier.jpg,cairn_terrier.jpg
Camel,https://a-z-animals.com/media/animals/images/470x370/camel2.jpg,camel2.jpg
Canaan Dog,https://a-z-animals.com/media/animals/images/470x370/canaan_dog.jpg,canaan_dog.jpg
Capybara,https://a-z-animals.com/media/animals/images/470x370/capybara.jpg,capybara.jpg
Caracal,https://a-z-animals.com/media/animals/images/470x370/caracal5.jpg,caracal5.jpg
Carolina Dog,https://a-z-animals.com/media/animals/images/470x370/carolina_dog.jpg,carolina_dog.jpg
Cassowary,https://a-z-animals.com/media/animals/images/470x370/cassowary1.jpg,cassowary1.jpg
Cat,https://a-z-animals.com/media/animals/images/470x370/cat_14.jpg,cat_14.jpg
Caterpillar,https://a-z-animals.com/media/animals/images/470x370/caterpillar10.jpg,caterpillar10.jpg
Catfish,https://a-z-animals.com/media/animals/images/470x370/catfish.jpg,catfish.jpg
Cavalier King Charles Spaniel,https://a-z-animals.com/media/animals/images/470x370/cavalier_king_charles_spaniel.jpg,cavalier_king_charles_spaniel.jpg
Centipede,https://a-z-animals.com/media/animals/images/470x370/centipede7.jpg,centipede7.jpg
Cesky Fousek,https://a-z-animals.com/media/animals/images/470x370/cesky_fousek.jpg,cesky_fousek.jpg
Chameleon,https://a-z-animals.com/media/animals/images/470x370/chameleon3.jpg,chameleon3.jpg
Chamois,https://a-z-animals.com/media/animals/images/470x370/chamois8.jpg,chamois8.jpg
Cheetah,https://a-z-animals.com/media/animals/images/470x370/cheetah1.jpg,cheetah1.jpg
Chesapeake Bay Retriever,https://a-z-animals.com/media/animals/images/470x370/chesapeake_bay_retriever.jpg,chesapeake_bay_retriever.jpg
Chicken,https://a-z-animals.com/media/animals/images/470x370/chicken.jpg,chicken.jpg
Chihuahua,https://a-z-animals.com/media/animals/images/470x370/chihuahua.jpg,chihuahua.jpg
Chimpanzee,https://a-z-animals.com/media/animals/images/470x370/chimpanzee1.jpg,chimpanzee1.jpg
Chinchilla,https://a-z-animals.com/media/animals/images/470x370/chinchilla2.jpg,chinchilla2.jpg
Chinese Crested Dog,https://a-z-animals.com/media/animals/images/470x370/chinese_crested_dog.jpg,chinese_crested_dog.jpg
Chinook,https://a-z-animals.com/media/animals/images/470x370/chinook.jpg,chinook.jpg
Chinstrap Penguin,https://a-z-animals.com/media/animals/images/470x370/chinstrap_penguin3.jpg,chinstrap_penguin3.jpg
Chipmunk,https://a-z-animals.com/media/animals/images/470x370/chipmunk6.jpg,chipmunk6.jpg
Chow Chow,https://a-z-animals.com/media/animals/images/470x370/chow_chow1.jpg,chow_chow1.jpg
Cichlid,https://a-z-animals.com/media/animals/images/470x370/cichlid9.jpg,cichlid9.jpg
Clouded Leopard,https://a-z-animals.com/media/animals/images/470x370/clouded_leopard1.jpg,clouded_leopard1.jpg
Clown Fish,https://a-z-animals.com/media/animals/images/470x370/clown3.jpg,clown3.jpg
Clumber Spaniel,https://a-z-animals.com/media/animals/images/470x370/clumber_spaniel.jpg,clumber_spaniel.jpg
Coati,https://a-z-animals.com/media/animals/images/470x370/coati5.jpg,coati5.jpg
Cockroach,https://a-z-animals.com/media/animals/images/470x370/cockroach3.jpg,cockroach3.jpg
Collared Peccary,https://a-z-animals.com/media/animals/images/470x370/collared_peccary.jpg,collared_peccary.jpg
Collie,https://a-z-animals.com/media/animals/images/470x370/collie.jpg,collie.jpg
Common Buzzard,https://a-z-animals.com/media/animals/images/470x370/common_buzzard2.jpg,common_buzzard2.jpg
Common Frog,https://a-z-animals.com/media/animals/images/470x370/common_frog.jpg,common_frog.jpg
Common Loon,https://a-z-animals.com/media/animals/images/470x370/common_loon4.jpg,common_loon4.jpg
Common Toad,https://a-z-animals.com/media/animals/images/470x370/common_toad7.jpg,common_toad7.jpg
Coral,https://a-z-animals.com/media/animals/images/470x370/coral10.jpg,coral10.jpg
Cottontop Tamarin,https://a-z-animals.com/media/animals/images/470x370/cottontop_tamarin3.jpg,cottontop_tamarin3.jpg
Cougar,https://a-z-animals.com/media/animals/images/470x370/cougar.jpg,cougar.jpg
Cow,https://a-z-animals.com/media/animals/images/470x370/cow11.jpg,cow11.jpg
Coyote,https://a-z-animals.com/media/animals/images/470x370/coyote1.jpg,coyote1.jpg
Crab,https://a-z-animals.com/media/animals/images/470x370/crab6.jpg,crab6.jpg
Crab-Eating Macaque,https://a-z-animals.com/media/animals/images/470x370/crab-eating_macaque.jpg,crab-eating_macaque.jpg
Crane,https://a-z-animals.com/media/animals/images/470x370/crane1.jpg,crane1.jpg
Crested Penguin,https://a-z-animals.com/media/animals/images/470x370/crested_penguin1.jpg,crested_penguin1.jpg
Crocodile,https://a-z-animals.com/media/animals/images/470x370/crocodile6.jpg,crocodile6.jpg
Cross River Gorilla,https://a-z-animals.com/media/animals/images/470x370/cross_river_gorilla.jpg,cross_river_gorilla.jpg
Curly Coated Retriever,https://a-z-animals.com/media/animals/images/470x370/curly_coated_retriever1.jpg,curly_coated_retriever1.jpg
Cuscus,https://a-z-animals.com/media/animals/images/470x370/cuscus5.jpg,cuscus5.jpg
Cuttlefish,https://a-z-animals.com/media/animals/images/470x370/cuttlefish3.jpg,cuttlefish3.jpg
Dachshund,https://a-z-animals.com/media/animals/images/470x370/dachshund.jpg,dachshund.jpg
Dalmatian,https://a-z-animals.com/media/animals/images/470x370/dalmation1.jpg,dalmation1.jpg
Darwin's Frog,https://a-z-animals.com/media/animals/images/470x370/darwins_frog2.jpg,darwins_frog2.jpg
Deer,https://a-z-animals.com/media/animals/images/470x370/deer.jpg,deer.jpg
Desert Tortoise,https://a-z-animals.com/media/animals/images/470x370/desert_tortoise.jpg,desert_tortoise.jpg
Deutsche Bracke,https://a-z-animals.com/media/animals/images/470x370/deutsche_bracke.jpg,deutsche_bracke.jpg
Dhole,https://a-z-animals.com/media/animals/images/470x370/dhole.jpg,dhole.jpg
Dingo,https://a-z-animals.com/media/animals/images/470x370/dingo1.jpg,dingo1.jpg
Discus,https://a-z-animals.com/media/animals/images/470x370/discus1.jpg,discus1.jpg
Doberman Pinscher,https://a-z-animals.com/media/animals/images/470x370/doberman_pinscher3.jpg,doberman_pinscher3.jpg
Dodo,https://a-z-animals.com/media/animals/images/470x370/dodo.jpg,dodo.jpg
Dog,https://a-z-animals.com/media/animals/images/470x370/dog5.jpg,dog5.jpg
Dogo Argentino,https://a-z-animals.com/media/animals/images/470x370/dogo_argentino_2.jpg,dogo_argentino_2.jpg
Dogue De Bordeaux,https://a-z-animals.com/media/animals/images/470x370/dogue_de_bordeaux.jpg,dogue_de_bordeaux.jpg
Dolphin,https://a-z-animals.com/media/animals/images/470x370/dolphin2.jpg,dolphin2.jpg
Donkey,https://a-z-animals.com/media/animals/images/470x370/donkey3.jpg,donkey3.jpg
Dormouse,https://a-z-animals.com/media/animals/images/470x370/dormouse3.jpg,dormouse3.jpg
Dragonfly,https://a-z-animals.com/media/animals/images/470x370/dragonfly.jpg,dragonfly.jpg
Drever,https://a-z-animals.com/media/animals/images/470x370/drever.jpg,drever.jpg
Duck,https://a-z-animals.com/media/animals/images/470x370/duck4.jpg,duck4.jpg
Dugong,https://a-z-animals.com/media/animals/images/470x370/dugong3.jpg,dugong3.jpg
Dunker,https://a-z-animals.com/media/animals/images/470x370/dunker.jpg,dunker.jpg
Dusky Dolphin,https://a-z-animals.com/media/animals/images/470x370/dusky_dolphin7.jpg,dusky_dolphin7.jpg
Dwarf Crocodile,https://a-z-animals.com/media/animals/images/470x370/dwarf_crocodile1.jpg,dwarf_crocodile1.jpg
Eagle,https://a-z-animals.com/media/animals/images/470x370/eagle1.jpg,eagle1.jpg
Earwig ,https://a-z-animals.com/media/animals/images/470x370/earwig_3.jpg,earwig_3.jpg
Eastern Gorilla,https://a-z-animals.com/media/animals/images/470x370/eastern_gorilla.jpg,eastern_gorilla.jpg
Eastern Lowland Gorilla,https://a-z-animals.com/media/animals/images/470x370/eastern_lowland_gorilla.jpg,eastern_lowland_gorilla.jpg
Echidna,https://a-z-animals.com/media/animals/images/470x370/echidna7.jpg,echidna7.jpg
Edible Frog,https://a-z-animals.com/media/animals/images/470x370/edible_frog.jpg,edible_frog.jpg
Egyptian Mau,https://a-z-animals.com/media/animals/images/470x370/egyptian_mau2.jpg,egyptian_mau2.jpg
Electric Eel,https://a-z-animals.com/media/animals/images/470x370/electric_eel3.jpg,electric_eel3.jpg
Elephant,https://a-z-animals.com/media/animals/images/470x370/african_elephant.jpg,african_elephant.jpg
Elephant Seal,https://a-z-animals.com/media/animals/images/470x370/elephant_seal.jpg,elephant_seal.jpg
Elephant Shrew,https://a-z-animals.com/media/animals/images/470x370/elephant_shrew.jpg,elephant_shrew.jpg
Emperor Penguin,https://a-z-animals.com/media/animals/images/470x370/emperor_penguin3.jpg,emperor_penguin3.jpg
Emperor Tamarin,https://a-z-animals.com/media/animals/images/470x370/emperor_tamarin1.jpg,emperor_tamarin1.jpg
Emu,https://a-z-animals.com/media/animals/images/470x370/emu1.jpg,emu1.jpg
English Cocker Spaniel,https://a-z-animals.com/media/animals/images/470x370/english_cocker_spaniel.jpg,english_cocker_spaniel.jpg
English Shepherd,https://a-z-animals.com/media/animals/images/470x370/english_shepherd1.jpg,english_shepherd1.jpg
English Springer Spaniel,https://a-z-animals.com/media/animals/images/470x370/english_springer_spaniel.jpg,english_springer_spaniel.jpg
Entlebucher Mountain Dog,https://a-z-animals.com/media/animals/images/470x370/entlebucher_mountain_dog2.jpg,entlebucher_mountain_dog2.jpg
Epagneul Pont Audemer,https://a-z-animals.com/media/animals/images/470x370/epagneul_pont_audemer.jpg,epagneul_pont_audemer.jpg
Eskimo Dog,https://a-z-animals.com/media/animals/images/470x370/eskimo_dog1.jpg,eskimo_dog1.jpg
Estrela Mountain Dog,https://a-z-animals.com/media/animals/images/470x370/estrela_mountain_dog.jpg,estrela_mountain_dog.jpg
Falcon,https://a-z-animals.com/media/animals/images/470x370/falcon1.jpg,falcon1.jpg
Fennec Fox,https://a-z-animals.com/media/animals/images/470x370/fennec_fox3.jpg,fennec_fox3.jpg
Ferret,https://a-z-animals.com/media/animals/images/470x370/ferret5.jpg,ferret5.jpg
Field Spaniel,https://a-z-animals.com/media/animals/images/470x370/field_spaniel.jpg,field_spaniel.jpg
Fin Whale,https://a-z-animals.com/media/animals/images/470x370/fin_whale4.jpg,fin_whale4.jpg
Finnish Spitz,https://a-z-animals.com/media/animals/images/470x370/finnish_sptiz.jpg,finnish_sptiz.jpg
Fire-Bellied Toad,https://a-z-animals.com/media/animals/images/470x370/fire-bellied_toad4.jpg,fire-bellied_toad4.jpg
Fish,https://a-z-animals.com/media/animals/images/470x370/fish8.jpg,fish8.jpg
Fishing Cat,https://a-z-animals.com/media/animals/images/470x370/fishing_cat3.jpg,fishing_cat3.jpg
Flamingo,https://a-z-animals.com/media/animals/images/470x370/flamingo6.jpg,flamingo6.jpg
Flat Coat Retriever,https://a-z-animals.com/media/animals/images/470x370/flat_coat_retriever.jpg,flat_coat_retriever.jpg
Flounder,https://a-z-animals.com/media/animals/images/470x370/flounder.jpg,flounder.jpg
Fly,https://a-z-animals.com/media/animals/images/470x370/fly.jpg,fly.jpg
Flying Squirrel,https://a-z-animals.com/media/animals/images/470x370/flying_squirrel3.jpg,flying_squirrel3.jpg
Fossa,https://a-z-animals.com/media/animals/images/470x370/fossa3.jpg,fossa3.jpg
Fox,https://a-z-animals.com/media/animals/images/470x370/fox3.jpg,fox3.jpg
Fox Terrier,https://a-z-animals.com/media/animals/images/470x370/fox_terrier.jpg,fox_terrier.jpg
French Bulldog,https://a-z-animals.com/media/animals/images/470x370/french_bulldog.jpg,french_bulldog.jpg
Frigatebird,https://a-z-animals.com/media/animals/images/470x370/frigatebird1.jpg,frigatebird1.jpg
Frilled Lizard,https://a-z-animals.com/media/animals/images/470x370/frilled_lizard.jpg,frilled_lizard.jpg
Frog,https://a-z-animals.com/media/animals/images/470x370/frog4.jpg,frog4.jpg
Fur Seal,https://a-z-animals.com/media/animals/images/470x370/fur_seal.jpg,fur_seal.jpg
Galapagos Penguin,https://a-z-animals.com/media/animals/images/470x370/galapagos_penguin.jpg,galapagos_penguin.jpg
Galapagos Tortoise,https://a-z-animals.com/media/animals/images/470x370/galapagos_tortoise3.jpg,galapagos_tortoise3.jpg
Gar,https://a-z-animals.com/media/animals/images/470x370/gar1.jpg,gar1.jpg
Gecko,https://a-z-animals.com/media/animals/images/470x370/gecko8.jpg,gecko8.jpg
Gentoo Penguin,https://a-z-animals.com/media/animals/images/470x370/gentoo_penguin.jpg,gentoo_penguin.jpg
Geoffroys Tamarin,https://a-z-animals.com/media/animals/images/470x370/geoffroys_tamarin.jpg,geoffroys_tamarin.jpg
Gerbil,https://a-z-animals.com/media/animals/images/470x370/gerbil3.jpg,gerbil3.jpg
German Pinscher,https://a-z-animals.com/media/animals/images/470x370/german_pinscher.jpg,german_pinscher.jpg
German Shepherd,https://a-z-animals.com/media/animals/images/470x370/german_shepherd.jpg,german_shepherd.jpg
Gharial,https://a-z-animals.com/media/animals/images/470x370/gharial4.jpg,gharial4.jpg
Giant African Land Snail,https://a-z-animals.com/media/animals/images/470x370/giant_african_land_snail.jpg,giant_african_land_snail.jpg
Giant Clam,https://a-z-animals.com/media/animals/images/470x370/giant_clam6.jpg,giant_clam6.jpg
Giant Panda Bear,https://a-z-animals.com/media/animals/images/470x370/giant_panda_bear.jpg,giant_panda_bear.jpg
Giant Schnauzer,https://a-z-animals.com/media/animals/images/470x370/giant_schauzer.jpg,giant_schauzer.jpg
Gibbon,https://a-z-animals.com/media/animals/images/470x370/gibbon6.jpg,gibbon6.jpg
Gila Monster,https://a-z-animals.com/media/animals/images/470x370/gila_monster5.jpg,gila_monster5.jpg
Giraffe,https://a-z-animals.com/media/animals/images/470x370/giraffe_10.jpg,giraffe_10.jpg
Glass Lizard,https://a-z-animals.com/media/animals/images/470x370/glass_lizard.jpg,glass_lizard.jpg
Glow Worm,https://a-z-animals.com/media/animals/images/470x370/glow_worm2.jpg,glow_worm2.jpg
Goat,https://a-z-animals.com/media/animals/images/470x370/goat1.jpg,goat1.jpg
Golden Lion Tamarin,https://a-z-animals.com/media/animals/images/470x370/golden_lion_tamarin.jpg,golden_lion_tamarin.jpg
Golden Oriole,https://a-z-animals.com/media/animals/images/470x370/golden_oriole.jpg,golden_oriole.jpg
Golden Retriever,https://a-z-animals.com/media/animals/images/470x370/golden_retriever.jpg,golden_retriever.jpg
Goose,https://a-z-animals.com/media/animals/images/470x370/geese3.jpg,geese3.jpg
Gopher,https://a-z-animals.com/media/animals/images/470x370/gopher_4.jpg,gopher_4.jpg
Gorilla,https://a-z-animals.com/media/animals/images/470x370/gorilla4.jpg,gorilla4.jpg
Grasshopper,https://a-z-animals.com/media/animals/images/470x370/grasshopper8.jpg,grasshopper8.jpg
Great Dane,https://a-z-animals.com/media/animals/images/470x370/great_dane.jpg,great_dane.jpg
Great White Shark,https://a-z-animals.com/media/animals/images/470x370/white_shark2.jpg,white_shark2.jpg
Greater Swiss Mountain Dog,https://a-z-animals.com/media/animals/images/470x370/greater_swiss_mountain_dog1.jpg,greater_swiss_mountain_dog1.jpg
Green Bee-Eater,https://a-z-animals.com/media/animals/images/470x370/green_bee-eater2.jpg,green_bee-eater2.jpg
Greenland Dog,https://a-z-animals.com/media/animals/images/470x370/greenland_dog.jpg,greenland_dog.jpg
Grey Mouse Lemur,https://a-z-animals.com/media/animals/images/470x370/grey_mouse_lemur4.jpg,grey_mouse_lemur4.jpg
Grey Reef Shark,https://a-z-animals.com/media/animals/images/470x370/grey_reef_shark5.jpg,grey_reef_shark5.jpg
Grey Seal,https://a-z-animals.com/media/animals/images/470x370/grey_seal3.jpg,grey_seal3.jpg
Greyhound,https://a-z-animals.com/media/animals/images/470x370/greyhound.jpg,greyhound.jpg
Grizzly Bear,https://a-z-animals.com/media/animals/images/470x370/grizzly_bear1.jpg,grizzly_bear1.jpg
Grouse,https://a-z-animals.com/media/animals/images/470x370/grouse3.jpg,grouse3.jpg
Guinea Fowl,https://a-z-animals.com/media/animals/images/470x370/guinea_fowl2.jpg,guinea_fowl2.jpg
Guinea Pig,https://a-z-animals.com/media/animals/images/470x370/guinea_pig1.jpg,guinea_pig1.jpg
Guppy,https://a-z-animals.com/media/animals/images/470x370/guppy3.jpg,guppy3.jpg
Hammerhead Shark,https://a-z-animals.com/media/animals/images/470x370/hammerhead_shark.jpg,hammerhead_shark.jpg
Hamster,https://a-z-animals.com/media/animals/images/470x370/hamster3.jpg,hamster3.jpg
Hare,https://a-z-animals.com/media/animals/images/470x370/hare7.jpg,hare7.jpg
Harrier,https://a-z-animals.com/media/animals/images/470x370/harrier.jpg,harrier.jpg
Havanese,https://a-z-animals.com/media/animals/images/470x370/havanese.jpg,havanese.jpg
Hedgehog,https://a-z-animals.com/media/animals/images/470x370/hedgehog2.jpg,hedgehog2.jpg
Hercules Beetle,https://a-z-animals.com/media/animals/images/470x370/hercules_beetle1.jpg,hercules_beetle1.jpg
Hermit Crab,https://a-z-animals.com/media/animals/images/470x370/hermit_crab1.jpg,hermit_crab1.jpg
Heron,https://a-z-animals.com/media/animals/images/470x370/heron.jpg,heron.jpg
Highland Cattle,https://a-z-animals.com/media/animals/images/470x370/highland_cattle7.jpg,highland_cattle7.jpg
Himalayan,https://a-z-animals.com/media/animals/images/470x370/himalayan2.jpg,himalayan2.jpg
Hippopotamus,https://a-z-animals.com/media/animals/images/470x370/hippo4.jpg,hippo4.jpg
Honey Bee,https://a-z-animals.com/media/animals/images/470x370/honey_bee.jpg,honey_bee.jpg
Horn Shark,https://a-z-animals.com/media/animals/images/470x370/horn_shark6.jpg,horn_shark6.jpg
Horned Frog,https://a-z-animals.com/media/animals/images/470x370/horned_frog2.jpg,horned_frog2.jpg
Horse,https://a-z-animals.com/media/animals/images/470x370/horse4.jpg,horse4.jpg
Horseshoe Crab,https://a-z-animals.com/media/animals/images/470x370/horseshoe_crab1.jpg,horseshoe_crab1.jpg
Howler Monkey,https://a-z-animals.com/media/animals/images/470x370/howler_monkey4.jpg,howler_monkey4.jpg
Human,https://a-z-animals.com/media/animals/images/470x370/human2.jpg,human2.jpg
Humboldt Penguin,https://a-z-animals.com/media/animals/images/470x370/humboldt_penguin6.jpg,humboldt_penguin6.jpg
Hummingbird,https://a-z-animals.com/media/animals/images/470x370/hummingbird8.jpg,hummingbird8.jpg
Humpback Whale,https://a-z-animals.com/media/animals/images/470x370/humpback_whale4.jpg,humpback_whale4.jpg
Hyena,https://a-z-animals.com/media/animals/images/470x370/hyena1.jpg,hyena1.jpg
Ibis,https://a-z-animals.com/media/animals/images/470x370/ibis1.jpg,ibis1.jpg
Ibizan Hound,https://a-z-animals.com/media/animals/images/470x370/ibizan_hound.jpg,ibizan_hound.jpg
Iguana,https://a-z-animals.com/media/animals/images/470x370/iguana4.jpg,iguana4.jpg
Impala,https://a-z-animals.com/media/animals/images/470x370/impala4.jpg,impala4.jpg
Indian Elephant,https://a-z-animals.com/media/animals/images/470x370/indian_elephant2.jpg,indian_elephant2.jpg
Indian Palm Squirrel,https://a-z-animals.com/media/animals/images/470x370/indian_palm_squirrel9.jpg,indian_palm_squirrel9.jpg
Indian Rhinoceros,https://a-z-animals.com/media/animals/images/470x370/indian_rhinoceros3.jpg,indian_rhinoceros3.jpg
Indian Star Tortoise,https://a-z-animals.com/media/animals/images/470x370/indian_star_tortoise.jpg,indian_star_tortoise.jpg
Indochinese Tiger,https://a-z-animals.com/media/animals/images/470x370/indochinese_tiger.jpg,indochinese_tiger.jpg
Indri,https://a-z-animals.com/media/animals/images/470x370/indri_8.jpg,indri_8.jpg
Insect,https://a-z-animals.com/media/animals/images/470x370/insects3.jpg,insects3.jpg
Irish Setter,https://a-z-animals.com/media/animals/images/470x370/irish_setter.jpg,irish_setter.jpg
Irish WolfHound,https://a-z-animals.com/media/animals/images/470x370/irish_wolfhound.jpg,irish_wolfhound.jpg
Jack Russel,https://a-z-animals.com/media/animals/images/470x370/jack_russel.jpg,jack_russel.jpg
Jackal,https://a-z-animals.com/media/animals/images/470x370/jackal1.jpg,jackal1.jpg
Jaguar,https://a-z-animals.com/media/animals/images/470x370/jaguar6.jpg,jaguar6.jpg
Japanese Chin,https://a-z-animals.com/media/animals/images/470x370/japanese_chin1.jpg,japanese_chin1.jpg
Japanese Macaque,https://a-z-animals.com/media/animals/images/470x370/japanese_macaque_9.jpg,japanese_macaque_9.jpg
Javan Rhinoceros,https://a-z-animals.com/media/animals/images/470x370/javan_rhinoceros.jpg,javan_rhinoceros.jpg
Javanese,https://a-z-animals.com/media/animals/images/470x370/javanese.jpg,javanese.jpg
Jellyfish,https://a-z-animals.com/media/animals/images/470x370/jellyfish4.jpg,jellyfish4.jpg
Kakapo,https://a-z-animals.com/media/animals/images/470x370/kakapo3.jpg,kakapo3.jpg
Kangaroo,https://a-z-animals.com/media/animals/images/470x370/kangaroo3.jpg,kangaroo3.jpg
Keel Billed Toucan,https://a-z-animals.com/media/animals/images/470x370/keel_billed_toucan2.jpg,keel_billed_toucan2.jpg
Killer Whale,https://a-z-animals.com/media/animals/images/470x370/killer_whale4.jpg,killer_whale4.jpg
King Crab,https://a-z-animals.com/media/animals/images/470x370/king_crab1.jpg,king_crab1.jpg
King Penguin,https://a-z-animals.com/media/animals/images/470x370/king_penguin1.jpg,king_penguin1.jpg
Kingfisher,https://a-z-animals.com/media/animals/images/470x370/kingfisher.jpg,kingfisher.jpg
Kiwi,https://a-z-animals.com/media/animals/images/470x370/kiwi4.jpg,kiwi4.jpg
Koala,https://a-z-animals.com/media/animals/images/470x370/koala9.jpg,koala9.jpg
Komodo Dragon,https://a-z-animals.com/media/animals/images/470x370/komodo_dragon.jpg,komodo_dragon.jpg
Kudu,https://a-z-animals.com/media/animals/images/470x370/kudu5.jpg,kudu5.jpg
Labradoodle,https://a-z-animals.com/media/animals/images/470x370/labradoodle4.jpg,labradoodle4.jpg
Labrador Retriever,https://a-z-animals.com/media/animals/images/470x370/labrador_retriever1.jpg,labrador_retriever1.jpg
Ladybird,https://a-z-animals.com/media/animals/images/470x370/ladybird.jpg,ladybird.jpg
Leaf-Tailed Gecko,https://a-z-animals.com/media/animals/images/470x370/leaf-tailed_gecko3.jpg,leaf-tailed_gecko3.jpg
Lemming,https://a-z-animals.com/media/animals/images/470x370/lemmings.jpg,lemmings.jpg
Lemur,https://a-z-animals.com/media/animals/images/470x370/lemur2.jpg,lemur2.jpg
Leopard,https://a-z-animals.com/media/animals/images/470x370/leopard2.jpg,leopard2.jpg
Leopard Cat,https://a-z-animals.com/media/animals/images/470x370/leopard_cat3.jpg,leopard_cat3.jpg
Leopard Seal,https://a-z-animals.com/media/animals/images/470x370/leopard_seal2.jpg,leopard_seal2.jpg
Leopard Tortoise,https://a-z-animals.com/media/animals/images/470x370/leopard_tortoise5.jpg,leopard_tortoise5.jpg
Liger,https://a-z-animals.com/media/animals/images/470x370/liger7.jpg,liger7.jpg
Lion,https://a-z-animals.com/media/animals/images/470x370/lion1.jpg,lion1.jpg
Lionfish,https://a-z-animals.com/media/animals/images/470x370/lionfish.jpeg,lionfish.jpeg
Little Penguin,https://a-z-animals.com/media/animals/images/470x370/little_penguin.jpg,little_penguin.jpg
Lizard,https://a-z-animals.com/media/animals/images/470x370/lizard4.jpg,lizard4.jpg
Llama,https://a-z-animals.com/media/animals/images/470x370/llama6.jpg,llama6.jpg
Lobster,https://a-z-animals.com/media/animals/images/470x370/lobster2.jpg,lobster2.jpg
Long-Eared Owl,https://a-z-animals.com/media/animals/images/470x370/long-eared_owl2.jpg,long-eared_owl2.jpg
Lynx,https://a-z-animals.com/media/animals/images/470x370/lynx13.jpg,lynx13.jpg
Macaroni Penguin,https://a-z-animals.com/media/animals/images/470x370/macaroni_penguin3.jpg,macaroni_penguin3.jpg
Macaw,https://a-z-animals.com/media/animals/images/470x370/macaw7.jpg,macaw7.jpg
Magellanic Penguin,https://a-z-animals.com/media/animals/images/470x370/magellanic_penguin7.jpg,magellanic_penguin7.jpg
Magpie,https://a-z-animals.com/media/animals/images/470x370/magpie3.jpg,magpie3.jpg
Maine Coon,https://a-z-animals.com/media/animals/images/470x370/maine_coon3.jpg,maine_coon3.jpg
Malayan Civet,https://a-z-animals.com/media/animals/images/470x370/malayan_civet.jpg,malayan_civet.jpg
Malayan Tiger,https://a-z-animals.com/media/animals/images/470x370/malayan_tiger2.jpg,malayan_tiger2.jpg
Maltese,https://a-z-animals.com/media/animals/images/470x370/maltese.jpg,maltese.jpg
Manatee,https://a-z-animals.com/media/animals/images/470x370/manatee4.jpg,manatee4.jpg
Mandrill,https://a-z-animals.com/media/animals/images/470x370/mandrill5.jpg,mandrill5.jpg
Manta Ray,https://a-z-animals.com/media/animals/images/470x370/manta_ray5.jpg,manta_ray5.jpg
Marine Toad,https://a-z-animals.com/media/animals/images/470x370/marine_toad2.jpg,marine_toad2.jpg
Markhor,https://a-z-animals.com/media/animals/images/470x370/markhor.jpg,markhor.jpg
Marsh Frog,https://a-z-animals.com/media/animals/images/470x370/marsh_frog5.jpg,marsh_frog5.jpg
Masked Palm Civet,https://a-z-animals.com/media/animals/images/470x370/masked_palm_civet1.jpg,masked_palm_civet1.jpg
Mastiff,https://a-z-animals.com/media/animals/images/470x370/mastiff.jpg,mastiff.jpg
Mayfly,https://a-z-animals.com/media/animals/images/470x370/mayfly1.jpg,mayfly1.jpg
Meerkat,https://a-z-animals.com/media/animals/images/470x370/meerkat_11.jpg,meerkat_11.jpg
Millipede,https://a-z-animals.com/media/animals/images/470x370/millipede4.jpg,millipede4.jpg
Minke Whale,https://a-z-animals.com/media/animals/images/470x370/minke_whale.jpg,minke_whale.jpg
Mole,https://a-z-animals.com/media/animals/images/470x370/mole2.jpg,mole2.jpg
Molly,https://a-z-animals.com/media/animals/images/470x370/molly4.jpg,molly4.jpg
Mongoose,https://a-z-animals.com/media/animals/images/470x370/mongoose7.jpg,mongoose7.jpg
Mongrel,https://a-z-animals.com/media/animals/images/470x370/mongrel.jpg,mongrel.jpg
Monitor Lizard,https://a-z-animals.com/media/animals/images/470x370/monitor_lizard2.jpg,monitor_lizard2.jpg
Monkey,https://a-z-animals.com/media/animals/images/470x370/monkey9.jpg,monkey9.jpg
Monte Iberia Eleuth,https://a-z-animals.com/media/animals/images/470x370/monte_iberia_eleuth3.jpg,monte_iberia_eleuth3.jpg
Moorhen,https://a-z-animals.com/media/animals/images/470x370/moorhen.jpg,moorhen.jpg
Moose,https://a-z-animals.com/media/animals/images/470x370/moose.jpg,moose.jpg
Moray Eel,https://a-z-animals.com/media/animals/images/470x370/moray_eel6.jpg,moray_eel6.jpg
Moth,https://a-z-animals.com/media/animals/images/470x370/moth.jpg,moth.jpg
Mountain Gorilla,https://a-z-animals.com/media/animals/images/470x370/mountain_gorilla3.jpg,mountain_gorilla3.jpg
Mountain Lion,https://a-z-animals.com/media/animals/images/470x370/mountain_lion3.jpg,mountain_lion3.jpg
Mouse,https://a-z-animals.com/media/animals/images/470x370/mouse1.jpg,mouse1.jpg
Mule,https://a-z-animals.com/media/animals/images/470x370/mule1.jpg,mule1.jpg
Neanderthal,https://a-z-animals.com/media/animals/images/470x370/neanderthal.png,neanderthal.png
Neapolitan Mastiff,https://a-z-animals.com/media/animals/images/470x370/neapolitan_mastiff1.jpg,neapolitan_mastiff1.jpg
Newfoundland,https://a-z-animals.com/media/animals/images/470x370/newfoundland3.jpg,newfoundland3.jpg
Newt,https://a-z-animals.com/media/animals/images/470x370/newt1.jpg,newt1.jpg
Nightingale,https://a-z-animals.com/media/animals/images/470x370/nightingale1.jpg,nightingale1.jpg
Norfolk Terrier,https://a-z-animals.com/media/animals/images/470x370/norfolk_terrier.jpg,norfolk_terrier.jpg
Norwegian Forest,https://a-z-animals.com/media/animals/images/470x370/norwegian_forest.jpg,norwegian_forest.jpg
Numbat,https://a-z-animals.com/media/animals/images/470x370/numbat2.jpg,numbat2.jpg
Nurse Shark,https://a-z-animals.com/media/animals/images/470x370/nurse_shark3.jpg,nurse_shark3.jpg
Ocelot,https://a-z-animals.com/media/animals/images/470x370/ocelot.jpg,ocelot.jpg
Octopus,https://a-z-animals.com/media/animals/images/470x370/octopus1.jpg,octopus1.jpg
Okapi,https://a-z-animals.com/media/animals/images/470x370/okapi.jpg,okapi.jpg
Old English Sheepdog,https://a-z-animals.com/media/animals/images/470x370/old_english_sheepdog.jpg,old_english_sheepdog.jpg
Olm,https://a-z-animals.com/media/animals/images/470x370/olm1.jpg,olm1.jpg
Opossum,https://a-z-animals.com/media/animals/images/470x370/opossum2.jpg,opossum2.jpg
Orang-utan,https://a-z-animals.com/media/animals/images/470x370/orang-utan.jpg,orang-utan.jpg
Ostrich,https://a-z-animals.com/media/animals/images/470x370/ostrich_7.jpg,ostrich_7.jpg
Otter,https://a-z-animals.com/media/animals/images/470x370/otter2.jpg,otter2.jpg
Oyster,https://a-z-animals.com/media/animals/images/470x370/oyster.jpg,oyster.jpg
Pademelon,https://a-z-animals.com/media/animals/images/470x370/pademelon.jpg,pademelon.jpg
Panther,https://a-z-animals.com/media/animals/images/470x370/panther.jpg,panther.jpg
Parrot,https://a-z-animals.com/media/animals/images/470x370/parrot.jpeg,parrot.jpeg
Patas Monkey,https://a-z-animals.com/media/animals/images/470x370/patas_monkey7.jpg,patas_monkey7.jpg
Peacock,https://a-z-animals.com/media/animals/images/470x370/peacock7.jpg,peacock7.jpg
Pekingese,https://a-z-animals.com/media/animals/images/470x370/pekingese4.jpg,pekingese4.jpg
Pelican,https://a-z-animals.com/media/animals/images/470x370/pelican1.jpg,pelican1.jpg
Penguin,https://a-z-animals.com/media/animals/images/470x370/penguin5.jpg,penguin5.jpg
Persian,https://a-z-animals.com/media/animals/images/470x370/persian4.jpg,persian4.jpg
Pheasant,https://a-z-animals.com/media/animals/images/470x370/pheasant8.jpg,pheasant8.jpg
Pied Tamarin,https://a-z-animals.com/media/animals/images/470x370/pied_tamarin.jpg,pied_tamarin.jpg
Pig,https://a-z-animals.com/media/animals/images/470x370/pig.jpg,pig.jpg
Pika,https://a-z-animals.com/media/animals/images/470x370/pika3.jpg,pika3.jpg
Pike,https://a-z-animals.com/media/animals/images/470x370/pike1.jpg,pike1.jpg
Pink Fairy Armadillo,https://a-z-animals.com/media/animals/images/470x370/pink_fairy_armadillo.jpg,pink_fairy_armadillo.jpg
Piranha,https://a-z-animals.com/media/animals/images/470x370/piranha3.jpg,piranha3.jpg
Platypus,https://a-z-animals.com/media/animals/images/470x370/platypus2.jpg,platypus2.jpg
Pointer,https://a-z-animals.com/media/animals/images/470x370/pointer.jpg,pointer.jpg
Poison Dart Frog,https://a-z-animals.com/media/animals/images/470x370/poison_dart_frog.jpg,poison_dart_frog.jpg
Polar Bear,https://a-z-animals.com/media/animals/images/470x370/polar_bear.jpg,polar_bear.jpg
Pond Skater,https://a-z-animals.com/media/animals/images/470x370/pond_skater.jpg,pond_skater.jpg
Poodle,https://a-z-animals.com/media/animals/images/470x370/poodle.jpg,poodle.jpg
Pool Frog,https://a-z-animals.com/media/animals/images/470x370/pool_frog.jpg,pool_frog.jpg
Porcupine,https://a-z-animals.com/media/animals/images/470x370/porcupine2.jpg,porcupine2.jpg
Possum,https://a-z-animals.com/media/animals/images/470x370/possum.jpg,possum.jpg
Prawn,https://a-z-animals.com/media/animals/images/470x370/prawn1.jpg,prawn1.jpg
Proboscis Monkey,https://a-z-animals.com/media/animals/images/470x370/proboscis_monkey1.jpg,proboscis_monkey1.jpg
Puffer Fish,https://a-z-animals.com/media/animals/images/470x370/puffer_fish4.jpg,puffer_fish4.jpg
Puffin,https://a-z-animals.com/media/animals/images/470x370/puffin_6.jpg,puffin_6.jpg
Pug,https://a-z-animals.com/media/animals/images/470x370/pug.jpg,pug.jpg
Puma,https://a-z-animals.com/media/animals/images/470x370/puma6.jpg,puma6.jpg
Purple Emperor,https://a-z-animals.com/media/animals/images/470x370/purple_emperor5.jpg,purple_emperor5.jpg
Puss Moth,https://a-z-animals.com/media/animals/images/470x370/puss_moth.jpg,puss_moth.jpg
Pygmy Hippopotamus,https://a-z-animals.com/media/animals/images/470x370/pygmy_hippopotamus1.jpg,pygmy_hippopotamus1.jpg
Pygmy Marmoset,https://a-z-animals.com/media/animals/images/470x370/pygmy_marmoset.jpg,pygmy_marmoset.jpg
Quail,https://a-z-animals.com/media/animals/images/470x370/quail.jpg,quail.jpg
Quetzal,https://a-z-animals.com/media/animals/images/470x370/quetzal4.jpg,quetzal4.jpg
Quokka,https://a-z-animals.com/media/animals/images/470x370/quokka2.jpg,quokka2.jpg
Quoll,https://a-z-animals.com/media/animals/images/470x370/quoll4.jpg,quoll4.jpg
Rabbit,https://a-z-animals.com/media/animals/images/470x370/rabbit6.jpg,rabbit6.jpg
Raccoon,https://a-z-animals.com/media/animals/images/470x370/raccoon9.jpg,raccoon9.jpg
Raccoon Dog,https://a-z-animals.com/media/animals/images/470x370/raccoon_dog3.jpg,raccoon_dog3.jpg
Radiated Tortoise,https://a-z-animals.com/media/animals/images/470x370/radiated_tortoise1.jpg,radiated_tortoise1.jpg
Ragdoll,https://a-z-animals.com/media/animals/images/470x370/ragdoll3.jpg,ragdoll3.jpg
Rat,https://a-z-animals.com/media/animals/images/470x370/rat1.jpg,rat1.jpg
Rattlesnake,https://a-z-animals.com/media/animals/images/470x370/rattlesnake3.jpg,rattlesnake3.jpg
Red Knee Tarantula,https://a-z-animals.com/media/animals/images/470x370/red_knee_tarantula.jpg,red_knee_tarantula.jpg
Red Panda,https://a-z-animals.com/media/animals/images/470x370/red_panda5.jpg,red_panda5.jpg
Red Wolf,https://a-z-animals.com/media/animals/images/470x370/red_wolf2.jpg,red_wolf2.jpg
Red-handed Tamarin,https://a-z-animals.com/media/animals/images/470x370/red-handed_tamarin.jpg,red-handed_tamarin.jpg
Reindeer,https://a-z-animals.com/media/animals/images/470x370/reindeer4.jpg,reindeer4.jpg
Rhinoceros,https://a-z-animals.com/media/animals/images/470x370/rhino8.jpg,rhino8.jpg
River Dolphin,https://a-z-animals.com/media/animals/images/470x370/river_dolphin4.jpg,river_dolphin4.jpg
River Turtle,https://a-z-animals.com/media/animals/images/470x370/river_turtle2.jpg,river_turtle2.jpg
Robin,https://a-z-animals.com/media/animals/images/470x370/robin5.jpg,robin5.jpg
Rock Hyrax,https://a-z-animals.com/media/animals/images/470x370/rock_hyrax_.jpg,rock_hyrax_.jpg
Rockhopper Penguin,https://a-z-animals.com/media/animals/images/470x370/rockhopper_penguin_3.jpg,rockhopper_penguin_3.jpg
Roseate Spoonbill,https://a-z-animals.com/media/animals/images/470x370/roseate_spoonbill2.jpg,roseate_spoonbill2.jpg
Rottweiler,https://a-z-animals.com/media/animals/images/470x370/rottweiler1.jpg,rottweiler1.jpg
Royal Penguin,https://a-z-animals.com/media/animals/images/470x370/royal_penguin.jpg,royal_penguin.jpg
Russian Blue,https://a-z-animals.com/media/animals/images/470x370/russian_blue3.jpg,russian_blue3.jpg
Sabre-Toothed Tiger,https://a-z-animals.com/media/animals/images/470x370/sabre_toothed_tiger_4.jpg,sabre_toothed_tiger_4.jpg
Saint Bernard,https://a-z-animals.com/media/animals/images/470x370/saint_bernard3.jpg,saint_bernard3.jpg
Salamander,https://a-z-animals.com/media/animals/images/470x370/salamander.png,salamander.png
Sand Lizard,https://a-z-animals.com/media/animals/images/470x370/sand_lizard2.jpg,sand_lizard2.jpg
Saola,https://a-z-animals.com/media/animals/images/470x370/saola.png,saola.png
Scorpion,https://a-z-animals.com/media/animals/images/470x370/scorpion2.jpg,scorpion2.jpg
Scorpion Fish,https://a-z-animals.com/media/animals/images/470x370/scorpion_fish.jpg,scorpion_fish.jpg
Sea Dragon,https://a-z-animals.com/media/animals/images/470x370/sea_dragon5.jpg,sea_dragon5.jpg
Sea Lion,https://a-z-animals.com/media/animals/images/470x370/sea_lion10.jpg,sea_lion10.jpg
Sea Otter,https://a-z-animals.com/media/animals/images/470x370/sea_otter4.jpg,sea_otter4.jpg
Sea Slug,https://a-z-animals.com/media/animals/images/470x370/sea_slug6.jpg,sea_slug6.jpg
Sea Squirt,https://a-z-animals.com/media/animals/images/470x370/sea_squirt6.jpg,sea_squirt6.jpg
Sea Turtle,https://a-z-animals.com/media/animals/images/470x370/sea_turtle1.jpg,sea_turtle1.jpg
Sea Urchin,https://a-z-animals.com/media/animals/images/470x370/sea_urchin2.jpg,sea_urchin2.jpg
Seahorse,https://a-z-animals.com/media/animals/images/470x370/seahorse8.jpg,seahorse8.jpg
Seal,https://a-z-animals.com/media/animals/images/470x370/seal6.jpg,seal6.jpg
Serval,https://a-z-animals.com/media/animals/images/470x370/serval7.jpg,serval7.jpg
Sheep,https://a-z-animals.com/media/animals/images/470x370/sheep9.jpg,sheep9.jpg
Shih Tzu,https://a-z-animals.com/media/animals/images/470x370/shih_tzu.jpg,shih_tzu.jpg
Shrimp,https://a-z-animals.com/media/animals/images/470x370/shrimp4.jpg,shrimp4.jpg
Siamese,https://a-z-animals.com/media/animals/images/470x370/siamese.jpeg,siamese.jpeg
Siamese Fighting Fish,https://a-z-animals.com/media/animals/images/470x370/siamese_fighting_fish3.jpg,siamese_fighting_fish3.jpg
Siberian,https://a-z-animals.com/media/animals/images/470x370/siberian.jpg,siberian.jpg
Siberian Husky,https://a-z-animals.com/media/animals/images/470x370/siberian_husky.jpg,siberian_husky.jpg
Siberian Tiger,https://a-z-animals.com/media/animals/images/470x370/siberian_tiger1.jpg,siberian_tiger1.jpg
Silver Dollar,https://a-z-animals.com/media/animals/images/470x370/silver_dollar.jpg,silver_dollar.jpg
Skunk,https://a-z-animals.com/media/animals/images/470x370/skunk6.jpg,skunk6.jpg
Sloth,https://a-z-animals.com/media/animals/images/470x370/sloth5.jpg,sloth5.jpg
Slow Worm,https://a-z-animals.com/media/animals/images/470x370/slow_worm1.jpg,slow_worm1.jpg
Snail,https://a-z-animals.com/media/animals/images/470x370/snail6.jpg,snail6.jpg
Snake,https://a-z-animals.com/media/animals/images/470x370/snake.jpg,snake.jpg
Snapping Turtle,https://a-z-animals.com/media/animals/images/470x370/snapping_turtle7.jpg,snapping_turtle7.jpg
Snowshoe,https://a-z-animals.com/media/animals/images/470x370/snowshoe2.jpg,snowshoe2.jpg
Snowy Owl,https://a-z-animals.com/media/animals/images/470x370/snowy_owl.jpg,snowy_owl.jpg
Somali,https://a-z-animals.com/media/animals/images/470x370/somali4.jpg,somali4.jpg
South China Tiger,https://a-z-animals.com/media/animals/images/470x370/south_china_tiger.jpg,south_china_tiger.jpg
Spadefoot Toad,https://a-z-animals.com/media/animals/images/470x370/spadefoot_toad2.jpg,spadefoot_toad2.jpg
Sparrow,https://a-z-animals.com/media/animals/images/470x370/sparrow8.jpg,sparrow8.jpg
Spectacled Bear,https://a-z-animals.com/media/animals/images/470x370/spectacled_bear.jpg,spectacled_bear.jpg
Sperm Whale,https://a-z-animals.com/media/animals/images/470x370/sperm_whale3.jpg,sperm_whale3.jpg
Spider Monkey,https://a-z-animals.com/media/animals/images/470x370/spider_monkey.jpg,spider_monkey.jpg
Spiny Dogfish,https://a-z-animals.com/media/animals/images/470x370/spiny_dogfish.jpg,spiny_dogfish.jpg
Sponge,https://a-z-animals.com/media/animals/images/470x370/sponge4.jpg,sponge4.jpg
Squid,https://a-z-animals.com/media/animals/images/470x370/squid5.jpg,squid5.jpg
Squirrel,https://a-z-animals.com/media/animals/images/470x370/squirrel4.jpg,squirrel4.jpg
Squirrel Monkey,https://a-z-animals.com/media/animals/images/470x370/squirrel_monkey6.jpg,squirrel_monkey6.jpg
Sri Lankan Elephant,https://a-z-animals.com/media/animals/images/470x370/sri_lankan_elephant.jpg,sri_lankan_elephant.jpg
Staffordshire Bull Terrier,https://a-z-animals.com/media/animals/images/470x370/staffordshire_bull_terrier.jpg,staffordshire_bull_terrier.jpg
Stag Beetle,https://a-z-animals.com/media/animals/images/470x370/stag_beetle2.jpg,stag_beetle2.jpg
Starfish,https://a-z-animals.com/media/animals/images/470x370/starfish3.jpg,starfish3.jpg
Stellers Sea Cow,https://a-z-animals.com/media/animals/images/470x370/stellers_sea_cow1.jpg,stellers_sea_cow1.jpg
Stick Insect,https://a-z-animals.com/media/animals/images/470x370/stick_insect6.jpg,stick_insect6.jpg
Stingray,https://a-z-animals.com/media/animals/images/470x370/stingray2.jpg,stingray2.jpg
Stoat,https://a-z-animals.com/media/animals/images/470x370/stoat.jpg,stoat.jpg
Striped Rocket Frog,https://a-z-animals.com/media/animals/images/470x370/striped_rocket_frog1.jpg,striped_rocket_frog1.jpg
Sumatran Elephant,https://a-z-animals.com/media/animals/images/470x370/sumatran_elephant1.jpg,sumatran_elephant1.jpg
Sumatran Orang-utan,https://a-z-animals.com/media/animals/images/470x370/sumatran_orang-utan2.jpg,sumatran_orang-utan2.jpg
Sumatran Rhinoceros,https://a-z-animals.com/media/animals/images/470x370/sumatran_rhinoceros2.jpg,sumatran_rhinoceros2.jpg
Sumatran Tiger,https://a-z-animals.com/media/animals/images/470x370/sumatran_tiger6.jpg,sumatran_tiger6.jpg
Sun Bear,https://a-z-animals.com/media/animals/images/470x370/sun_bear1.jpg,sun_bear1.jpg
Swan,https://a-z-animals.com/media/animals/images/470x370/swan6.jpg,swan6.jpg
Tang,https://a-z-animals.com/media/animals/images/470x370/tang3.jpg,tang3.jpg
Tapanuli Orang-utan,https://a-z-animals.com/media/animals/images/470x370/tapanuli_orang_utan.jpg,tapanuli_orang_utan.jpg
Tapir,https://a-z-animals.com/media/animals/images/470x370/tapir2.jpg,tapir2.jpg
Tarsier,https://a-z-animals.com/media/animals/images/470x370/tarsier7.jpg,tarsier7.jpg
Tasmanian Devil,https://a-z-animals.com/media/animals/images/470x370/tasmanian_devil2.jpg,tasmanian_devil2.jpg
Tawny Owl,https://a-z-animals.com/media/animals/images/470x370/tawny_owl1.jpg,tawny_owl1.jpg
Termite,https://a-z-animals.com/media/animals/images/470x370/termite3.jpg,termite3.jpg
Tetra,https://a-z-animals.com/media/animals/images/470x370/tetra2.jpg,tetra2.jpg
Thorny Devil,https://a-z-animals.com/media/animals/images/470x370/thorny_devil1.jpg,thorny_devil1.jpg
Tibetan Mastiff,https://a-z-animals.com/media/animals/images/470x370/tibetan_mastiff.jpg,tibetan_mastiff.jpg
Tiffany,https://a-z-animals.com/media/animals/images/470x370/tiffany1.jpg,tiffany1.jpg
Tiger,https://a-z-animals.com/media/animals/images/470x370/tiger3.jpg,tiger3.jpg
Tiger Salamander,https://a-z-animals.com/media/animals/images/470x370/tiger_salamander1.jpg,tiger_salamander1.jpg
Tiger Shark,https://a-z-animals.com/media/animals/images/470x370/tiger_shark1.jpg,tiger_shark1.jpg
Tortoise,https://a-z-animals.com/media/animals/images/470x370/tortoise4.jpg,tortoise4.jpg
Toucan,https://a-z-animals.com/media/animals/images/470x370/toucan3.jpg,toucan3.jpg
Tree Frog,https://a-z-animals.com/media/animals/images/470x370/tree_frog7.jpg,tree_frog7.jpg
Tropicbird,https://a-z-animals.com/media/animals/images/470x370/tropicbird.jpg,tropicbird.jpg
Tuatara,https://a-z-animals.com/media/animals/images/470x370/tuatara.jpg,tuatara.jpg
Turkey,https://a-z-animals.com/media/animals/images/470x370/turkey3.jpg,turkey3.jpg
Turkish Angora,https://a-z-animals.com/media/animals/images/470x370/turkish_angora4.jpg,turkish_angora4.jpg
Uakari,https://a-z-animals.com/media/animals/images/470x370/uakari_4.jpg,uakari_4.jpg
Uguisu,https://a-z-animals.com/media/animals/images/470x370/uguisu.jpg,uguisu.jpg
Umbrellabird,https://a-z-animals.com/media/animals/images/470x370/umbrellabird_5.jpg,umbrellabird_5.jpg
Vampire Bat,https://a-z-animals.com/media/animals/images/470x370/vampire_bat4.jpg,vampire_bat4.jpg
Vervet Monkey,https://a-z-animals.com/media/animals/images/470x370/vervet_monkey_9.jpg,vervet_monkey_9.jpg
Vulture,https://a-z-animals.com/media/animals/images/470x370/vulture1.jpg,vulture1.jpg
Wallaby,https://a-z-animals.com/media/animals/images/470x370/wallaby1.jpg,wallaby1.jpg
Walrus,https://a-z-animals.com/media/animals/images/470x370/walrus.jpg,walrus.jpg
Warthog,https://a-z-animals.com/media/animals/images/470x370/warthog1.jpg,warthog1.jpg
Wasp,https://a-z-animals.com/media/animals/images/470x370/wasp3.jpg,wasp3.jpg
Water Buffalo,https://a-z-animals.com/media/animals/images/470x370/water_buffalo4.jpg,water_buffalo4.jpg
Water Dragon,https://a-z-animals.com/media/animals/images/470x370/water_dragon.jpg,water_dragon.jpg
Water Vole,https://a-z-animals.com/media/animals/images/470x370/water_vole_7.jpg,water_vole_7.jpg
Weasel,https://a-z-animals.com/media/animals/images/470x370/weasel_4.jpg,weasel_4.jpg
Welsh Corgi,https://a-z-animals.com/media/animals/images/470x370/welsh_corgi.jpg,welsh_corgi.jpg
West Highland Terrier,https://a-z-animals.com/media/animals/images/470x370/west_highland_terrier.jpg,west_highland_terrier.jpg
Western Gorilla,https://a-z-animals.com/media/animals/images/470x370/western_gorilla3.jpg,western_gorilla3.jpg
Western Lowland Gorilla,https://a-z-animals.com/media/animals/images/470x370/western_lowland_gorilla3.jpg,western_lowland_gorilla3.jpg
Whale Shark,https://a-z-animals.com/media/animals/images/470x370/whale_shark.jpg,whale_shark.jpg
Whippet,https://a-z-animals.com/media/animals/images/470x370/whippet.jpg,whippet.jpg
White Faced Capuchin,https://a-z-animals.com/media/animals/images/470x370/white_faced_capuchin6.jpg,white_faced_capuchin6.jpg
White Rhinoceros,https://a-z-animals.com/media/animals/images/470x370/white_rhino_15.jpg,white_rhino_15.jpg
White Tiger,https://a-z-animals.com/media/animals/images/470x370/white_tiger2.jpg,white_tiger2.jpg
Wild Boar,https://a-z-animals.com/media/animals/images/470x370/wild_boar.jpg,wild_boar.jpg
Wildebeest,https://a-z-animals.com/media/animals/images/470x370/wildebeest9.jpg,wildebeest9.jpg
Wolf,https://a-z-animals.com/media/animals/images/470x370/wolf_7.jpg,wolf_7.jpg
Wolverine,https://a-z-animals.com/media/animals/images/470x370/wolverine7.jpg,wolverine7.jpg
Wombat,https://a-z-animals.com/media/animals/images/470x370/wombat4.jpg,wombat4.jpg
Woodlouse,https://a-z-animals.com/media/animals/images/470x370/woodlouse4.jpg,woodlouse4.jpg
Woodpecker,https://a-z-animals.com/media/animals/images/470x370/woodpecker3.jpg,woodpecker3.jpg
Woolly Mammoth,https://a-z-animals.com/media/animals/images/470x370/woolly_mammoth2.jpg,woolly_mammoth2.jpg
Woolly Monkey,https://a-z-animals.com/media/animals/images/470x370/woolly_monkey3.jpg,woolly_monkey3.jpg
Wrasse,https://a-z-animals.com/media/animals/images/470x370/wrasse5.jpg,wrasse5.jpg
X-Ray Tetra,https://a-z-animals.com/media/animals/images/470x370/x-ray_tetra.jpg,x-ray_tetra.jpg
Yak,https://a-z-animals.com/media/animals/images/470x370/yak2.jpg,yak2.jpg
Yellow-Eyed Penguin,https://a-z-animals.com/media/animals/images/470x370/yellow-eyed_penguin2.jpg,yellow-eyed_penguin2.jpg
Yorkshire Terrier,https://a-z-animals.com/media/animals/images/470x370/yorkshire_terrier1.jpg,yorkshire_terrier1.jpg
Zebra,https://a-z-animals.com/media/animals/images/470x370/zebra_8.jpg,zebra_8.jpg
Zebra Shark,https://a-z-animals.com/media/animals/images/470x370/zebra_shark.jpg,zebra_shark.jpg
Zebu,https://a-z-animals.com/media/animals/images/470x370/zebu.jpg,zebu.jpg
Zonkey,https://a-z-animals.com/media/animals/images/470x370/zonkey2.jpg,zonkey2.jpg
Zorse,https://a-z-animals.com/media/animals/images/470x370/zorse.jpg,zorse.jpg
